[
  {
    "id": "d658aceb-270c-4655-8998-7dafc6efd521",
    "originalName": "room7.jpg",
    "filename": "image-1749673462074-81cc548a-6871-446b-b73a-aecab15807a6.jpg",
    "filePath": "uploads\\image-1749673462074-81cc548a-6871-446b-b73a-aecab15807a6.jpg",
    "size": 7672,
    "mimetype": "image/jpeg",
    "uploadedAt": "2025-06-11T20:24:22.111Z",
    "url": "/api/images/image-1749673462074-81cc548a-6871-446b-b73a-aecab15807a6.jpg"
  },
  {
    "id": "0bea6132-ffb1-4b4f-85e1-95990c1c766f",
    "originalName": "room6.jpg",
    "filename": "image-1749674430750-2d9b3b6f-4481-4fa5-9e22-5bf48d070f70.jpg",
    "filePath": "uploads\\image-1749674430750-2d9b3b6f-4481-4fa5-9e22-5bf48d070f70.jpg",
    "size": 10144,
    "mimetype": "image/jpeg",
    "uploadedAt": "2025-06-11T20:40:30.767Z",
    "url": "/api/images/image-1749674430750-2d9b3b6f-4481-4fa5-9e22-5bf48d070f70.jpg"
  },
  {
    "id": "bfb8724b-60d7-4388-9845-779042dad69e",
    "originalName": "room3.jpg",
    "filename": "image-1749703230970-b5f242fc-f73a-4b97-885a-3b014df4bf8b.jpg",
    "filePath": "uploads\\image-1749703230970-b5f242fc-f73a-4b97-885a-3b014df4bf8b.jpg",
    "size": 7209,
    "mimetype": "image/jpeg",
    "uploadedAt": "2025-06-12T04:40:30.988Z",
    "url": "/api/images/image-1749703230970-b5f242fc-f73a-4b97-885a-3b014df4bf8b.jpg"
  },
  {
    "id": "0e94d3e5-6c82-4679-8047-ed87fde76d2e",
    "originalName": "header.jpg",
    "filename": "image-1749704218465-de4db71c-c718-4cab-a34e-cb3fbd1ec645.jpg",
    "filePath": "uploads\\image-1749704218465-de4db71c-c718-4cab-a34e-cb3fbd1ec645.jpg",
    "size": 3024356,
    "mimetype": "image/jpeg",
    "uploadedAt": "2025-06-12T04:56:58.567Z",
    "url": "/api/images/image-1749704218465-de4db71c-c718-4cab-a34e-cb3fbd1ec645.jpg"
  },
  {
    "id": "dc3b5dd4-6e67-443a-b650-a56b2e60d3ef",
    "originalName": "room5.jpg",
    "filename": "image-1749797207383-86d8fb93-2102-4524-934f-092986735c30.jpg",
    "filePath": "uploads\\image-1749797207383-86d8fb93-2102-4524-934f-092986735c30.jpg",
    "size": 7888,
    "mimetype": "image/jpeg",
    "uploadedAt": "2025-06-13T06:46:47.438Z",
    "url": "/api/images/image-1749797207383-86d8fb93-2102-4524-934f-092986735c30.jpg"
  }
]